M1,M2,P1,P2,F,,,Input_layer,,,,,,Weights,,,,dot product,,,,hidden layer,,,,weights2,,dot product,,outputLayer,,,,error^2
33,71,89,37,95,,1,0.33,0.71,0.89,0.37,0.95,,0.065,0.036,0.093,,0.08319,0.04729,0.06722,1,0.520785514,0.511820297,0.516798675,,3.00E-03,,0.0388,,0.51,,71,0.71,0.04
75,72,87,55,85,,1,0.75,0.72,0.87,0.55,0.85,,0.011,-0.064,0.015,,0.07062,0.03383,0.05955,1,0.517647666,0.508456693,0.514883102,,-4.60E-02,,0.0387,,0.51,,75,0.75,0.0576
46,70,1,97,4,,1,0.46,0.7,0.01,0.97,0.04,,0.003,-0.032,0.091,,0.00402,0.04343,0.06527,1,0.501004999,0.510855794,0.51631171,,3.40E-02,,0.0397,,0.51,,39,0.39,0.0144
12,52,81,52,20,,1,0.12,0.52,0.81,0.52,0.2,,-0.002,0.081,-0.041,,0.03742,0.10113,0.05231,1,0.509353909,0.525260974,0.513074519,,8.20E-02,,0.0395,,0.51,,38,0.38,0.0169
97,2,25,84,86,,1,0.97,0.02,0.25,0.84,0.86,,-0.072,0.062,-0.1,,0.05173,0.00949,-0.00466,1,0.512929617,0.502372482,0.498835002,,,,0.0374,,0.509,,63,0.63,0.014641
86,89,44,21,71,,1,0.86,0.89,0.44,0.21,0.71,,0.043,-0.042,-0.023,,0.09166,-0.02868,0.13152,1,0.52289897,0.492830491,0.532832687,,,,0.0394,,0.51,,63,0.63,0.0144
82,74,32,74,4,,1,0.82,0.74,0.32,0.74,0.04,,,,,,0.02404,0.02996,0.0846,1,0.506009711,0.50748944,0.521137395,,,,0.0397,,0.51,,42,0.42,0.0081
19,78,85,6,67,,1,0.19,0.78,0.85,0.06,0.67,,,,,,0.09222,0.04331,0.11057,1,0.523038675,0.510825808,0.527614372,,,,0.0396,,0.51,,54,0.54,0.0009
83,4,2,91,73,,1,0.83,0.04,0.02,0.91,0.73,,,,,,0.04008,0.00898,0.00048,1,0.510018659,0.502244985,0.50012,,,,0.0376,,0.509,,56,0.56,0.002601
64,66,2,85,15,,1,0.64,0.66,0.02,0.85,0.15,,,,,,0.01923,0.02194,0.07339,1,0.504807352,0.50548478,0.518339269,,,,0.0395,,0.51,,42,0.42,0.0081
61,64,13,72,64,,1,0.61,0.64,0.13,0.72,0.64,,,,,,0.04905,0.00477,0.06834,1,0.512260042,0.501192498,0.517078354,,,,0.0389,,0.51,,60,0.6,0.0081
19,45,50,70,39,,1,0.19,0.45,0.5,0.7,0.39,,,,,,0.03381,0.07696,0.03733,1,0.508451695,0.519230509,0.509331416,,,,0.039,,0.51,,45,0.45,0.0036
24,5,26,7,5,,1,0.24,0.05,0.26,0.07,0.05,,,,,,0.06438,0.04234,0.08234,1,0.516089443,0.510583419,0.520573378,,,,0.0393,,0.51,,9,0.09,0.1764
89,56,43,89,24,,1,0.89,0.56,0.43,0.89,0.24,,,,,,0.02185,0.04105,0.04516,1,0.505462283,0.510261059,0.511288082,,,,0.039,,0.51,,51,0.51,0
90,33,21,4,87,,1,0.9,0.33,0.21,0.04,0.87,,,,,,0.11,-0.04921,0.10391,1,0.527472304,0.487699982,0.525954151,,,,0.0384,,0.51,,53,0.53,0.0004
80,14,62,76,90,,1,0.8,0.14,0.62,0.76,0.9,,,,,,0.05696,0.03986,-0.00438,1,0.514236151,0.509963681,0.498905002,,,,0.0376,,0.509,,68,0.68,0.029241
23,35,97,48,81,,1,0.23,0.35,0.97,0.48,0.81,,,,,,0.06691,0.08439,0.0219,1,0.516721262,0.521084988,0.505474781,,,,0.0384,,0.51,,61,0.61,0.01
60,68,37,24,20,,1,0.6,0.68,0.37,0.24,0.2,,,,,,0.06422,0.01229,0.12011,1,0.516049484,0.503072461,0.529991453,,,,0.0398,,0.51,,36,0.36,0.0225
92,63,73,81,37,,1,0.92,0.63,0.73,0.81,0.37,,,,,,0.03314,0.05077,0.04469,1,0.508284242,0.512689774,0.511170641,,,,0.039,,0.51,,60,0.6,0.0081
68,46,77,3,23,,1,0.68,0.46,0.77,0.03,0.23,,,,,,0.08005,0.03233,0.1052,1,0.52000182,0.508081796,0.526275772,,,,0.0395,,0.51,,33,0.33,0.0324
44,73,82,16,33,,1,0.44,0.73,0.82,0.16,0.33,,,,,,0.07306,0.04696,0.10882,1,0.51825688,0.511737843,0.527178185,,,,0.0398,,0.51,,43,0.43,0.0064
40,6,51,20,79,,1,0.4,0.06,0.51,0.2,0.79,,,,,,0.08813,0.02901,0.04538,1,0.522018251,0.507251991,0.511343053,,,,0.0382,,0.51,,45,0.45,0.0036
3,45,67,59,23,,1,0.03,0.45,0.67,0.59,0.23,,,,,,0.03275,0.10087,0.04264,1,0.508186768,0.52519614,0.510658385,,,,0.0394,,0.51,,37,0.37,0.0196
51,73,75,79,3,,1,0.51,0.73,0.75,0.79,0.03,,,,,,0.01571,0.08847,0.05664,1,0.503927419,0.522103085,0.514156216,,,,0.0397,,0.51,,44,0.44,0.0049
2,47,67,38,91,,1,0.02,0.47,0.67,0.38,0.91,,,,,,0.07706,0.05929,0.04967,1,0.519255472,0.514818159,0.512414948,,,,0.0386,,0.51,,60,0.6,0.0081
62,5,28,83,65,,1,0.62,0.05,0.28,0.83,0.65,,,,,,0.0396,0.04156,-0.00258,1,0.509898706,0.510388505,0.499355,,,,0.0378,,0.509,,52,0.52,0.000121
10,12,88,44,35,,1,0.1,0.12,0.88,0.44,0.35,,,,,,0.04807,0.10962,0.01729,1,0.512015186,0.52737759,0.504322392,,,,0.0387,,0.51,,35,0.35,0.0256
48,4,98,61,86,,1,0.48,0.04,0.98,0.61,0.86,,,,,,0.0615,0.08508,-0.01712,1,0.515370156,0.521257179,0.495720105,,,,0.0377,,0.509,,62,0.62,0.012321
56,98,49,47,20,,1,0.56,0.98,0.49,0.47,0.2,,,,,,0.04788,0.02923,0.11889,1,0.511967714,0.50730698,0.529687539,,,,0.0401,,0.51,,47,0.47,0.0016
65,39,20,48,84,,1,0.65,0.39,0.2,0.48,0.84,,,,,,0.07448,-0.0074,0.06272,1,0.518611397,0.498150008,0.515674862,,,,0.0384,,0.51,,59,0.59,0.0064
2,54,65,32,23,,1,0.02,0.54,0.65,0.32,0.23,,,,,,0.05239,0.08027,0.0785,1,0.513094505,0.520056732,0.519614928,,,,0.0397,,0.51,,33,0.33,0.0324
40,41,96,43,69,,1,0.4,0.41,0.96,0.43,0.69,,,,,,0.06742,0.07272,0.03808,1,0.516848618,0.518171993,0.50951885,,,,0.0386,,0.51,,58,0.58,0.0049
97,43,88,50,24,,1,0.97,0.43,0.88,0.5,0.24,,,,,,0.04952,0.05236,0.05508,1,0.512377471,0.51308701,0.51376652,,,,0.039,,0.51,,46,0.46,0.0025
13,95,73,48,3,,1,0.13,0.95,0.73,0.48,0.03,,,,,,0.03455,0.08491,0.10278,1,0.508636641,0.521214756,0.525672404,,,,0.0404,,0.51,,38,0.38,0.0169
79,69,17,82,55,,1,0.79,0.69,0.17,0.82,0.55,,,,,,0.04003,0.00487,0.06602,1,0.510006164,0.501217498,0.516499008,,,,0.0389,,0.51,,61,0.61,0.01
39,36,56,46,74,,1,0.39,0.36,0.56,0.46,0.74,,,,,,0.06795,0.04232,0.04563,1,0.516980967,0.510578421,0.511405521,,,,0.0385,,0.51,,55,0.55,0.0016
50,64,21,16,63,,1,0.5,0.64,0.21,0.16,0.63,,,,,,0.08757,-0.01601,0.11964,1,0.52187852,0.495997585,0.529874374,,,,0.0393,,0.51,,48,0.48,0.0009
95,17,70,24,37,,1,0.95,0.17,0.7,0.24,0.37,,,,,,0.07319,0.0258,0.06151,1,0.518289336,0.506449642,0.515372653,,,,0.0386,,0.51,,39,0.39,0.0144
66,44,2,83,18,,1,0.66,0.44,0.02,0.83,0.18,,,,,,0.02152,0.0252,0.05498,1,0.505379792,0.506299667,0.513741539,,,,0.0391,,0.51,,39,0.39,0.0144
92,1,21,16,20,,1,0.92,0.01,0.21,0.16,0.2,,,,,,0.07181,-0.00467,0.0785,1,0.517944789,0.498832502,0.519614928,,,,0.0387,,0.51,,22,0.22,0.0841
31,43,18,46,61,,1,0.31,0.43,0.18,0.46,0.61,,,,,,0.06245,0.01988,0.06937,1,0.515607428,0.504969836,0.517335549,,,,0.0389,,0.51,,47,0.47,0.0016
21,20,1,18,4,,1,0.21,0.2,0.01,0.18,0.04,,,,,,0.05665,0.02645,0.09502,1,0.514158714,0.506612115,0.523737143,,,,0.0395,,0.51,,11,0.11,0.16
28,26,96,40,47,,1,0.28,0.26,0.96,0.4,0.47,,,,,,0.05835,0.09258,0.03069,1,0.514583363,0.523128483,0.507671898,,,,0.0387,,0.51,,44,0.44,0.0049
93,82,33,36,67,,1,0.93,0.82,0.33,0.36,0.67,,,,,,0.07992,-0.02885,0.11663,1,0.519969372,0.492788,0.529124494,,,,0.0392,,0.51,,63,0.63,0.0144
93,46,21,73,27,,1,0.93,0.46,0.21,0.73,0.27,,,,,,0.03524,0.01269,0.06099,1,0.508809088,0.503172457,0.515242775,,,,0.039,,0.51,,46,0.46,0.0025
23,52,4,39,34,,1,0.23,0.52,0.04,0.39,0.34,,,,,,0.05555,0.01778,0.09531,1,0.51388393,0.504444883,0.523809479,,,,0.0395,,0.51,,34,0.34,0.0289
83,30,77,66,4,,1,0.83,0.3,0.77,0.66,0.04,,,,,,0.02769,0.07489,0.03426,1,0.506922058,0.518713754,0.508564162,,,,0.039,,0.51,,36,0.36,0.0225
16,33,63,82,12,,1,0.16,0.33,0.63,0.82,0.12,,,,,,0.01261,0.11203,0.01484,1,0.503152458,0.527978244,0.503709932,,,,0.0391,,0.51,,35,0.35,0.0256
28,37,79,65,32,,1,0.28,0.37,0.79,0.65,0.32,,,,,,0.03457,0.09709,0.02612,1,0.508641639,0.524253451,0.506529629,,,,0.039,,0.51,,43,0.43,0.0064
10,60,36,9,18,,1,0.1,0.6,0.36,0.09,0.18,,,,,,0.06844,0.03758,0.1212,1,0.517103324,0.509393894,0.530262964,,,,0.04,,0.51,,25,0.25,0.0676
63,51,38,24,17,,1,0.63,0.51,0.38,0.24,0.17,,,,,,0.06273,0.01788,0.10537,1,0.515677359,0.504469881,0.526318154,,,,0.0396,,0.51,,31,0.31,0.04
35,96,41,11,65,,1,0.35,0.96,0.41,0.11,0.65,,,,,,0.09094,-0.00439,0.14285,1,0.522719345,0.498902502,0.535651894,,,,0.0398,,0.51,,55,0.55,0.0016
68,31,64,90,63,,1,0.68,0.31,0.64,0.9,0.63,,,,,,0.03442,0.06374,0.00068,1,0.508604151,0.515929607,0.50017,,,,0.0382,,0.51,,62,0.62,0.0121
19,32,61,21,12,,1,0.19,0.32,0.61,0.21,0.12,,,,,,0.05687,0.07099,0.0762,1,0.514213669,0.51774005,0.519040788,,,,0.0395,,0.51,,23,0.23,0.0784
30,7,10,86,22,,1,0.3,0.07,0.1,0.86,0.22,,,,,,0.01585,0.06674,0.00871,1,0.503962417,0.51667881,0.502177486,,,,0.0386,,0.51,,31,0.31,0.04
53,15,68,75,48,,1,0.53,0.15,0.68,0.75,0.48,,,,,,0.03656,0.0787,0.00068,1,0.509138982,0.519664851,0.50017,,,,0.0383,,0.51,,49,0.49,0.0004
28,27,59,74,68,,1,0.28,0.27,0.59,0.74,0.68,,,,,,0.04367,0.07455,0.00794,1,0.510915765,0.518628873,0.50198499,,,,0.0383,,0.51,,56,0.56,0.0025
69,15,95,68,1,,1,0.69,0.15,0.95,0.68,0.01,,,,,,0.02261,0.10573,0.00982,1,0.505652259,0.526407904,0.50245498,,,,0.0388,,0.51,,33,0.33,0.0324
43,92,71,20,23,,1,0.43,0.92,0.71,0.2,0.23,,,,,,0.06656,0.03929,0.12877,1,0.516633859,0.509821237,0.53214809,,,,0.0402,,0.51,,43,0.43,0.0064
47,72,28,34,4,,1,0.47,0.72,0.28,0.34,0.04,,,,,,0.04901,0.02496,0.11917,1,0.512250048,0.506239676,0.529757292,,,,0.0401,,0.51,,30,0.3,0.0441
12,82,30,28,33,,1,0.12,0.82,0.3,0.28,0.33,,,,,,0.06221,0.02988,0.12153,1,0.515547486,0.507469444,0.530345161,,,,0.04,,0.51,,39,0.39,0.0144
2,74,47,58,89,,1,0.02,0.74,0.47,0.58,0.89,,,,,,0.06301,0.04769,0.0629,1,0.51574729,0.511920241,0.515719818,,,,0.039,,0.51,,66,0.66,0.0225
31,67,17,16,73,,1,0.31,0.67,0.17,0.16,0.73,,,,,,0.08995,-0.01225,0.11886,1,0.52247235,0.496937538,0.529680066,,,,0.0393,,0.51,,50,0.5,0.0001
86,86,5,53,78,,1,0.86,0.86,0.05,0.53,0.78,,,,,,0.07232,-0.04241,0.11117,1,0.518072124,0.489399089,0.527763912,,,,0.0391,,0.51,,68,0.68,0.0289
95,34,4,1,56,,1,0.95,0.34,0.04,0.01,0.56,,,,,,0.09975,-0.05534,0.12267,1,0.524916843,0.48616853,0.530629101,,,,0.0389,,0.51,,39,0.39,0.0144
52,36,95,75,5,,1,0.52,0.36,0.95,0.75,0.05,,,,,,0.01805,0.11255,0.01846,1,0.504512377,0.528107835,0.504614869,,,,0.0391,,0.51,,38,0.38,0.0169
63,46,43,94,5,,1,0.63,0.46,0.43,0.94,0.05,,,,,,0.00692,0.07197,0.03153,1,0.501729993,0.517984738,0.507881847,,,,0.0392,,0.51,,40,0.4,0.0121
28,66,14,34,76,,1,0.28,0.66,0.14,0.34,0.76,,,,,,0.07798,-0.00254,0.10004,1,0.519485127,0.499365,0.524989163,,,,0.0391,,0.51,,54,0.54,0.0009
12,8,19,34,21,,1,0.12,0.08,0.19,0.34,0.21,,,,,,0.05073,0.05341,0.05546,1,0.512679781,0.513349327,0.513861447,,,,0.039,,0.51,,19,0.19,0.1024
53,52,4,95,67,,1,0.53,0.52,0.04,0.95,0.67,,,,,,0.03272,0.01944,0.03622,1,0.50817927,0.504859847,0.50905401,,,,0.0385,,0.51,,61,0.61,0.01
58,33,25,54,92,,1,0.58,0.33,0.25,0.54,0.92,,,,,,0.07255,0.00341,0.04632,1,0.518129549,0.500852499,0.51157793,,,,0.0381,,0.51,,62,0.62,0.0121
43,84,10,92,50,,1,0.43,0.84,0.1,0.92,0.5,,,,,,0.02731,0.02574,0.06829,1,0.506827076,0.506434645,0.517065868,,,,0.0393,,0.51,,60,0.6,0.0081
77,14,14,49,68,,1,0.77,0.14,0.14,0.49,0.68,,,,,,0.06757,-0.0046,0.04691,1,0.516886076,0.498850002,0.51172535,,,,0.0381,,0.51,,48,0.48,0.0009
16,49,41,65,25,,1,0.16,0.49,0.41,0.65,0.25,,,,,,0.03136,0.07309,0.05243,1,0.507839358,0.51826437,0.513104498,,,,0.0393,,0.51,,38,0.38,0.0169
12,29,11,40,22,,1,0.12,0.29,0.11,0.4,0.22,,,,,,0.04763,0.04351,0.07162,1,0.511905249,0.510875784,0.51789735,,,,0.0393,,0.51,,24,0.24,0.0729
59,95,83,4,38,,1,0.59,0.95,0.83,0.04,0.38,,,,,,0.08614,0.02159,0.14153,1,0.521521694,0.50539729,0.535323557,,,,0.0401,,0.51,,49,0.49,0.0004
14,88,89,85,42,,1,0.14,0.88,0.89,0.85,0.42,,,,,,0.02426,0.10603,0.04403,1,0.506064703,0.526482694,0.511005722,,,,0.0395,,0.51,,61,0.61,0.01
1,51,66,7,67,,1,0.01,0.51,0.66,0.07,0.67,,,,,,0.08909,0.0487,0.09009,1,0.52225778,0.512172594,0.522507279,,,,0.0392,,0.51,,45,0.45,0.0036
44,19,95,84,37,,1,0.44,0.19,0.95,0.84,0.37,,,,,,0.02394,0.11525,-0.01457,1,0.505984714,0.52878065,0.496357564,,,,0.0384,,0.51,,49,0.49,0.0004
40,96,37,40,39,,1,0.4,0.96,0.37,0.4,0.39,,,,,,0.05951,0.01807,0.12222,1,0.514873111,0.504517377,0.530517022,,,,0.04,,0.51,,50,0.5,0.0001
35,54,18,77,22,,1,0.35,0.54,0.18,0.77,0.22,,,,,,0.02413,0.0494,0.05795,1,0.506032207,0.512347489,0.514483447,,,,0.0393,,0.51,,40,0.4,0.0121
96,80,40,63,42,,1,0.96,0.8,0.4,0.63,0.42,,,,,,0.04986,0.00278,0.09114,1,0.512462418,0.500695,0.522769241,,,,0.0393,,0.51,,59,0.59,0.0064
57,42,86,31,92,,1,0.57,0.42,0.86,0.31,0.92,,,,,,0.08805,0.03632,0.05235,1,0.521998289,0.509079002,0.513084512,,,,0.0384,,0.51,,65,0.65,0.0196
16,14,64,26,4,,1,0.16,0.14,0.64,0.26,0.04,,,,,,0.0489,0.08756,0.05498,1,0.512222565,0.521876025,0.513741539,,,,0.0393,,0.51,,17,0.17,0.1156
35,18,88,19,32,,1,0.35,0.18,0.88,0.19,0.32,,,,,,0.06771,0.07746,0.05219,1,0.516921036,0.519355323,0.513044539,,,,0.0389,,0.51,,32,0.32,0.0361
3,88,37,75,96,,1,0.03,0.88,0.37,0.75,0.96,,,,,,0.05451,0.04207,0.06128,1,0.513624127,0.510515949,0.515315208,,,,0.039,,0.51,,75,0.75,0.0576
48,29,59,3,68,,1,0.48,0.29,0.59,0.03,0.68,,,,,,0.09705,0.01709,0.08376,1,0.524243474,0.504272396,0.520927766,,,,0.0387,,0.51,,44,0.44,0.0049
93,1,75,13,5,,1,0.93,0.01,0.75,0.13,0.05,,,,,,0.06655,0.04287,0.06296,1,0.516631362,0.510715859,0.515734803,,,,0.0389,,0.51,,21,0.21,0.09
67,42,81,75,26,,1,0.67,0.42,0.81,0.75,0.26,,,,,,0.02919,0.08087,0.02708,1,0.507296982,0.520206489,0.506769586,,,,0.0389,,0.51,,48,0.48,0.0009
27,25,60,73,35,,1,0.27,0.25,0.6,0.73,0.35,,,,,,0.03001,0.08988,0.01415,1,0.507501937,0.522454885,0.503537441,,,,0.0387,,0.51,,42,0.42,0.0081
15,18,25,80,55,,1,0.15,0.18,0.25,0.8,0.55,,,,,,0.03274,0.06739,0.00873,1,0.508184269,0.516841127,0.502182486,,,,0.0384,,0.51,,45,0.45,0.0036
68,48,20,90,17,,1,0.68,0.48,0.2,0.9,0.17,,,,,,0.01603,0.04198,0.04477,1,0.504007414,0.510493459,0.511190631,,,,0.0391,,0.51,,43,0.43,0.0064
18,20,35,27,36,,1,0.18,0.2,0.35,0.27,0.36,,,,,,0.06292,0.04805,0.06427,1,0.515724813,0.512010189,0.516061972,,,,0.039,,0.51,,29,0.29,0.0484
35,26,26,3,42,,1,0.35,0.26,0.26,0.03,0.42,,,,,,0.08501,0.01056,0.09859,1,0.52123971,0.502639975,0.524627555,,,,0.0391,,0.51,,28,0.28,0.0529
77,7,42,57,95,,1,0.77,0.07,0.42,0.57,0.95,,,,,,0.07265,0.01394,0.01485,1,0.518154516,0.503484944,0.503712432,,,,0.0376,,0.509,,62,0.62,0.012321
65,46,54,84,9,,1,0.65,0.46,0.54,0.84,0.09,,,,,,0.01584,0.07172,0.0364,1,0.503959917,0.517922318,0.509098995,,,,0.0392,,0.51,,41,0.41,0.01
43,24,12,99,97,,1,0.43,0.24,0.12,0.99,0.97,,,,,,0.04064,0.03116,-0.00494,1,0.510158602,0.50778937,0.498765003,,,,0.0377,,0.509,,68,0.68,0.029241
52,28,79,25,7,,1,0.52,0.28,0.79,0.25,0.07,,,,,,0.05499,0.07031,0.06728,1,0.513744037,0.517570262,0.516813658,,,,0.0393,,0.51,,26,0.26,0.0625
84,79,58,17,66,,1,0.84,0.79,0.58,0.17,0.66,,,,,,0.09159,-0.01324,0.12153,1,0.522881507,0.496690048,0.530345161,,,,0.0393,,0.51,,59,0.59,0.0064
3,57,79,17,37,,1,0.03,0.57,0.79,0.17,0.37,,,,,,0.06913,0.07483,0.08742,1,0.517275621,0.518698775,0.521841092,,,,0.0396,,0.51,,37,0.37,0.0196
75,17,93,55,72,,1,0.75,0.17,0.93,0.55,0.72,,,,,,0.06326,0.06175,0.01003,1,0.515809728,0.515432597,0.502507479,,,,0.038,,0.509,,60,0.6,0.008281
42,74,13,71,38,,1,0.42,0.74,0.13,0.71,0.38,,,,,,0.0368,0.02403,0.08157,1,0.509198962,0.506007211,0.5203812,,,,0.0395,,0.51,,49,0.49,0.0004
97,91,4,65,35,,1,0.97,0.91,0.04,0.65,0.35,,,,,,0.04657,-0.02636,0.11567,1,0.511640396,0.493410382,0.528885301,,,,0.0396,,0.51,,55,0.55,0.0016
79,62,45,38,43,,1,0.79,0.62,0.45,0.38,0.43,,,,,,0.06578,0.00755,0.09493,1,0.516439073,0.501887491,0.523714694,,,,0.0393,,0.51,,49,0.49,0.0004
38,55,62,21,23,,1,0.38,0.55,0.62,0.21,0.23,,,,,,0.06436,0.04766,0.09704,1,0.516084448,0.511912745,0.52424098,,,,0.0397,,0.51,,34,0.34,0.0289
49,20,73,56,80,,1,0.49,0.2,0.73,0.56,0.8,,,,,,0.06361,0.05849,0.01422,1,0.51589714,0.514618333,0.50355494,,,,0.0381,,0.51,,59,0.59,0.0064
94,35,53,14,98,,1,0.94,0.35,0.53,0.14,0.98,,,,,,0.10739,-0.02491,0.08068,1,0.526821728,0.493772822,0.520159066,,,,0.0382,,0.51,,63,0.63,0.0144
38,33,17,64,94,,1,0.38,0.33,0.17,0.64,0.94,,,,,,0.06417,0.01509,0.03614,1,0.516036997,0.503772428,0.509034017,,,,0.0381,,0.51,,62,0.62,0.0121
67,88,52,38,41,,1,0.67,0.88,0.52,0.38,0.41,,,,,,0.06424,0.01342,0.11438,1,0.516054479,0.50335495,0.528563866,,,,0.0397,,0.51,,53,0.53,0.0004
60,14,16,9,40,,1,0.6,0.14,0.16,0.09,0.4,,,,,,0.08242,-0.00514,0.08998,1,0.520593344,0.498715003,0.522479835,,,,0.0389,,0.51,,28,0.28,0.0529
15,80,3,68,54,,1,0.15,0.8,0.03,0.68,0.54,,,,,,0.04325,0.02271,0.0864,1,0.510810815,0.505677256,0.521586573,,,,0.0395,,0.51,,53,0.53,0.0004
4,30,8,5,15,,1,0.04,0.3,0.08,0.05,0.15,,,,,,0.06903,0.02712,0.10917,1,0.51725065,0.506779584,0.527265426,,,,0.0397,,0.51,,14,0.14,0.1369
11,20,82,61,56,,1,0.11,0.2,0.82,0.61,0.56,,,,,,0.04533,0.10328,0.00535,1,0.51133056,0.525797073,0.501337497,,,,0.0385,,0.51,,47,0.47,0.0016
64,77,57,7,2,,1,0.64,0.77,0.57,0.07,0.02,,,,,,0.06903,0.02007,0.14184,1,0.51725065,0.505017332,0.535400669,,,,0.0403,,0.51,,29,0.29,0.0484
32,68,54,62,82,,1,0.32,0.68,0.54,0.62,0.82,,,,,,0.0601,0.0415,0.05668,1,0.515020479,0.510373511,0.514166208,,,,0.0388,,0.51,,67,0.67,0.0256
10,25,34,49,52,,1,0.1,0.25,0.34,0.49,0.52,,,,,,0.05325,0.05768,0.04235,1,0.513309355,0.514416003,0.510585918,,,,0.0387,,0.51,,40,0.4,0.0121
24,43,74,69,70,,1,0.24,0.43,0.74,0.69,0.7,,,,,,0.04787,0.0802,0.02029,1,0.511965215,0.52003926,0.505072326,,,,0.0385,,0.51,,60,0.6,0.0081
80,85,49,24,77,,1,0.8,0.85,0.49,0.24,0.77,,,,,,0.0912,-0.02017,0.12055,1,0.52278421,0.494957671,0.530101056,,,,0.0392,,0.51,,65,0.65,0.0196
98,86,14,45,56,,1,0.98,0.86,0.14,0.45,0.56,,,,,,0.06976,-0.03852,0.12234,1,0.517432931,0.490371191,0.53054691,,,,0.0394,,0.51,,59,0.59,0.0064
41,43,9,87,20,,1,0.41,0.43,0.09,0.87,0.2,,,,,,0.01658,0.04883,0.04299,1,0.504144905,0.512205075,0.510745845,,,,0.0391,,0.51,,39,0.39,0.0144
5,6,41,14,16,,1,0.05,0.06,0.41,0.14,0.16,,,,,,0.06171,0.06605,0.06472,1,0.515422606,0.516506499,0.516174355,,,,0.0392,,0.51,,15,0.15,0.1296
42,54,26,78,35,,1,0.42,0.54,0.26,0.78,0.35,,,,,,0.02961,0.04656,0.05173,1,0.507401959,0.511637898,0.512929617,,,,0.0391,,0.51,,47,0.47,0.0016
17,46,93,52,53,,1,0.17,0.46,0.93,0.52,0.53,,,,,,0.05174,0.09571,0.03509,1,0.512932115,0.523909251,0.5087716,,,,0.0389,,0.51,,51,0.51,0
4,22,69,80,68,,1,0.04,0.22,0.69,0.8,0.68,,,,,,0.03636,0.10333,-0.01031,1,0.509088999,0.52580954,0.497422523,,,,0.0382,,0.51,,54,0.54,0.0009
59,82,5,40,60,,1,0.59,0.82,0.05,0.4,0.6,,,,,,0.07085,-0.02435,0.12062,1,0.517705094,0.493912801,0.530118492,,,,0.0394,,0.51,,54,0.54,0.0009
81,82,67,27,9,,1,0.81,0.82,0.67,0.27,0.09,,,,,,0.05946,0.02515,0.12323,1,0.514860622,0.506287169,0.530768573,,,,0.0401,,0.51,,40,0.4,0.0121
78,68,81,11,95,,1,0.78,0.68,0.81,0.11,0.95,,,,,,0.10693,-0.00315,0.10052,1,0.526707057,0.499212501,0.525108861,,,,0.0388,,0.51,,69,0.69,0.0324
82,35,35,25,89,,1,0.82,0.35,0.35,0.25,0.89,,,,,,0.09464,-0.02121,0.07733,1,0.523642356,0.494697699,0.519322872,,,,0.0383,,0.51,,59,0.59,0.0064
3,9,54,16,97,,1,0.03,0.09,0.54,0.16,0.97,,,,,,0.09471,0.04412,0.04119,1,0.523659817,0.511028211,0.510296044,,,,0.0381,,0.51,,49,0.49,0.0004
7,47,82,92,4,,1,0.07,0.47,0.82,0.92,0.04,,,,,,0.00102,0.13826,0.01028,1,0.500255,0.534510044,0.502569977,,,,0.0394,,0.51,,38,0.38,0.0169
70,7,71,77,48,,1,0.7,0.07,0.71,0.77,0.48,,,,,,0.03669,0.07405,-0.00728,1,0.509171471,0.518504045,0.498180008,,,,0.0381,,0.51,,50,0.5,0.0001
24,92,41,13,31,,1,0.24,0.92,0.41,0.13,0.31,,,,,,0.07355,0.01945,0.14338,1,0.518379215,0.504862347,0.535783718,,,,0.0403,,0.51,,39,0.39,0.0144
20,82,79,45,12,,1,0.2,0.82,0.79,0.45,0.12,,,,,,0.04084,0.08381,0.09047,1,0.510208581,0.520940244,0.522602086,,,,0.0401,,0.51,,40,0.4,0.0121
41,41,78,97,76,,1,0.41,0.41,0.78,0.97,0.76,,,,,,0.03202,0.08804,-0.01,1,0.508004316,0.521995794,0.497500021,,,,0.0382,,0.51,,69,0.69,0.0324
17,22,15,11,55,,1,0.17,0.22,0.15,0.11,0.55,,,,,,0.08296,0.01395,0.08577,1,0.520728113,0.503487443,0.521429365,,,,0.0389,,0.51,,31,0.31,0.04
92,10,43,95,79,,1,0.92,0.1,0.43,0.95,0.79,,,,,,0.04013,0.03447,-0.0149,1,0.510031154,0.508616647,0.496275069,,,,0.0375,,0.509,,66,0.66,0.022801
89,64,17,49,30,,1,0.89,0.64,0.17,0.49,0.3,,,,,,0.05399,-0.00989,0.10172,1,0.513494222,0.49752752,0.525408096,,,,0.0394,,0.51,,45,0.45,0.0036
55,93,61,29,18,,1,0.55,0.93,0.61,0.29,0.18,,,,,,0.05948,0.03087,0.12773,1,0.514865618,0.507716887,0.531889156,,,,0.0402,,0.51,,43,0.43,0.0064
25,85,49,73,13,,1,0.25,0.85,0.49,0.73,0.13,,,,,,0.02235,0.07229,0.07802,1,0.505587267,0.518064634,0.519495112,,,,0.04,,0.51,,44,0.44,0.0049
2,21,88,15,69,,1,0.02,0.21,0.88,0.15,0.69,,,,,,0.08296,0.0796,0.04546,1,0.520728113,0.519889499,0.511363043,,,,0.0387,,0.51,,43,0.43,0.0064
48,89,5,9,97,,1,0.48,0.89,0.05,0.09,0.97,,,,,,0.10808,-0.05431,0.14783,1,0.526993728,0.486425836,0.536890342,,,,0.0393,,0.51,,63,0.63,0.0144
54,47,76,61,40,,1,0.54,0.47,0.76,0.61,0.4,,,,,,0.04411,0.06898,0.04251,1,0.511025712,0.517238165,0.5106259,,,,0.039,,0.51,,50,0.5,0.0001
84,82,82,61,3,,1,0.84,0.82,0.82,0.61,0.03,,,,,,0.03243,0.05898,0.08491,1,0.50810679,0.514740727,0.521214756,,,,0.0399,,0.51,,46,0.46,0.0025
58,97,98,49,1,,1,0.58,0.97,0.98,0.49,0.01,,,,,,0.03748,0.07718,0.10056,1,0.509368903,0.519285428,0.525118836,,,,0.0403,,0.51,,45,0.45,0.0036
71,47,39,8,61,,1,0.71,0.47,0.39,0.08,0.61,,,,,,0.09391,-0.01355,0.1084,1,0.523460261,0.496612552,0.527073494,,,,0.039,,0.51,,46,0.46,0.0025
78,54,15,65,87,,1,0.78,0.54,0.15,0.65,0.87,,,,,,0.06551,-0.01529,0.06268,1,0.516371645,0.496177574,0.515664872,,,,0.0384,,0.51,,67,0.67,0.0256
19,20,96,45,40,,1,0.19,0.2,0.96,0.45,0.4,,,,,,0.05057,0.1063,0.02049,1,0.512639806,0.526550004,0.505122321,,,,0.0387,,0.51,,40,0.4,0.0121
22,13,47,86,62,,1,0.22,0.13,0.47,0.86,0.62,,,,,,0.03161,0.08311,-0.0114,1,0.507901842,0.520765549,0.497150031,,,,0.0381,,0.51,,51,0.51,0
73,89,8,96,20,,1,0.73,0.89,0.08,0.96,0.2,,,,,,0.01502,0.0184,0.08106,1,0.503754929,0.50459987,0.520253911,,,,0.0396,,0.51,,53,0.53,0.0004
52,99,98,27,69,,1,0.52,0.99,0.98,0.27,0.69,,,,,,0.08196,0.03818,0.10784,1,0.520478538,0.509543841,0.526933903,,,,0.0396,,0.51,,67,0.67,0.0256
45,86,28,78,73,,1,0.45,0.86,0.28,0.78,0.73,,,,,,0.0472,0.02006,0.07174,1,0.51179781,0.505014832,0.517927312,,,,0.0391,,0.51,,69,0.69,0.0324
78,68,45,33,91,,1,0.78,0.68,0.45,0.33,0.91,,,,,,0.09009,-0.01699,0.0942,1,0.522507279,0.495752602,0.523532601,,,,0.0387,,0.51,,68,0.68,0.0289
78,29,48,73,10,,1,0.78,0.29,0.48,0.73,0.1,,,,,,0.02523,0.05674,0.03611,1,0.506307165,0.514181196,0.509026519,,,,0.0389,,0.51,,37,0.37,0.0196
12,38,53,9,32,,1,0.12,0.38,0.53,0.09,0.32,,,,,,0.07368,0.05123,0.09129,1,0.518411671,0.5128047,0.522806663,,,,0.0395,,0.51,,28,0.28,0.0529
16,24,19,70,91,,1,0.16,0.24,0.19,0.7,0.91,,,,,,0.05583,0.03865,0.01852,1,0.513953876,0.509661297,0.504629868,,,,0.0381,,0.51,,58,0.58,0.0049
56,50,96,25,73,,1,0.56,0.5,0.96,0.25,0.73,,,,,,0.08413,0.04676,0.06575,1,0.521020103,0.51168787,0.516431581,,,,0.0388,,0.51,,59,0.59,0.0064
94,60,37,71,55,,1,0.94,0.6,0.37,0.71,0.55,,,,,,0.04893,0.00753,0.06288,1,0.51223006,0.501882491,0.515714822,,,,0.0388,,0.51,,61,0.61,0.01
21,16,23,46,81,,1,0.21,0.16,0.23,0.46,0.81,,,,,,0.06904,0.03057,0.03665,1,0.517253147,0.507641905,0.509161475,,,,0.0382,,0.51,,49,0.49,0.0004
85,49,49,12,70,,1,0.85,0.49,0.49,0.12,0.7,,,,,,0.0963,-0.01635,0.10215,1,0.524056412,0.495912591,0.525515317,,,,0.0388,,0.51,,53,0.53,0.0004
80,28,18,16,63,,1,0.8,0.28,0.18,0.16,0.63,,,,,,0.08985,-0.02612,0.09261,1,0.522447401,0.493470371,0.523135967,,,,0.0386,,0.51,,43,0.43,0.0064
27,12,68,53,68,,1,0.27,0.12,0.68,0.53,0.68,,,,,,0.05805,0.07426,0.01145,1,0.514508426,0.518556473,0.502862469,,,,0.0382,,0.51,,49,0.49,0.0004
97,3,2,49,13,,1,0.97,0.03,0.02,0.49,0.13,,,,,,0.04603,-0.0005,0.05747,1,0.511505469,0.499875,0.514363547,,,,0.0386,,0.51,,25,0.25,0.0676
26,46,25,43,17,,1,0.26,0.46,0.25,0.43,0.17,,,,,,0.04509,0.04441,0.0816,1,0.511270591,0.511100676,0.520388688,,,,0.0395,,0.51,,29,0.29,0.0484
23,9,93,19,77,,1,0.23,0.09,0.93,0.19,0.77,,,,,,0.08537,0.07317,0.0298,1,0.521329547,0.518284343,0.507449449,,,,0.0383,,0.51,,48,0.48,0.0009
28,91,55,24,87,,1,0.28,0.91,0.55,0.24,0.87,,,,,,0.08984,0.01185,0.11345,1,0.522444906,0.502962465,0.528332118,,,,0.0394,,0.51,,66,0.66,0.0225
84,88,81,11,29,,1,0.84,0.88,0.81,0.11,0.29,,,,,,0.07981,0.01433,0.1348,1,0.519941916,0.503582439,0.533649062,,,,0.04,,0.51,,47,0.47,0.0016
96,68,89,55,49,,1,0.96,0.68,0.89,0.55,0.49,,,,,,0.05729,0.03841,0.06652,1,0.514318584,0.50960132,0.516623871,,,,0.039,,0.51,,62,0.62,0.0121
59,29,71,37,48,,1,0.59,0.29,0.71,0.37,0.48,,,,,,0.06494,0.04925,0.05109,1,0.516229297,0.512310012,0.512769723,,,,0.0387,,0.51,,45,0.45,0.0036
73,61,30,89,16,,1,0.73,0.61,0.3,0.89,0.16,,,,,,0.01706,0.04252,0.05448,1,0.504264897,0.510628399,0.513616632,,,,0.0393,,0.51,,46,0.46,0.0025
22,82,35,52,79,,1,0.22,0.82,0.35,0.52,0.79,,,,,,0.06571,0.02309,0.0864,1,0.516421592,0.505772244,0.521586573,,,,0.0392,,0.51,,64,0.64,0.0169
25,91,91,89,82,,1,0.25,0.91,0.91,0.89,0.82,,,,,,0.03984,0.08533,0.03439,1,0.509958683,0.521319566,0.508596653,,,,0.039,,0.51,,80,0.8,0.0841
1,42,70,2,5,,1,0.01,0.42,0.7,0.02,0.05,,,,,,0.06568,0.07776,0.09952,1,0.5164141,0.51943021,0.524859486,,,,0.0399,,0.51,,17,0.17,0.1156
39,95,42,23,59,,1,0.39,0.95,0.42,0.23,0.59,,,,,,0.08011,0.00414,0.13151,1,0.520016796,0.501034999,0.532830197,,,,0.0398,,0.51,,55,0.55,0.0016
18,72,69,53,65,,1,0.18,0.72,0.69,0.53,0.65,,,,,,0.05755,0.06289,0.06498,1,0.51438353,0.51571732,0.516239286,,,,0.0392,,0.51,,59,0.59,0.0064
31,37,2,36,35,,1,0.31,0.37,0.02,0.36,0.35,,,,,,0.05861,0.01356,0.08645,1,0.514648307,0.503389948,0.52159905,,,,0.0392,,0.51,,31,0.31,0.04
70,88,4,27,15,,1,0.7,0.88,0.04,0.27,0.15,,,,,,0.06227,-0.02328,0.15149,1,0.515562472,0.494180263,0.537800237,,,,0.0402,,0.51,,36,0.36,0.0225
30,46,12,40,18,,1,0.3,0.46,0.12,0.4,0.18,,,,,,0.04838,0.02904,0.0903,1,0.512092641,0.50725949,0.522559673,,,,0.0395,,0.51,,28,0.28,0.0529
30,76,32,66,57,,1,0.3,0.76,0.32,0.66,0.57,,,,,,0.04693,0.03538,0.07443,1,0.511730347,0.508844077,0.518598915,,,,0.0393,,0.51,,57,0.57,0.0036
82,88,74,28,65,,1,0.82,0.88,0.74,0.28,0.65,,,,,,0.08297,0.00536,0.11209,1,0.520730609,0.501339997,0.527993197,,,,0.0394,,0.51,,64,0.64,0.0169
10,67,78,87,92,,1,0.1,0.67,0.78,0.87,0.92,,,,,,0.04347,0.08664,0.01533,1,0.510865789,0.521646461,0.503832425,,,,0.0386,,0.51,,76,0.76,0.0625
7,8,73,21,20,,1,0.07,0.08,0.73,0.21,0.2,,,,,,0.05803,0.09271,0.0458,1,0.51450343,0.523160913,0.511447999,,,,0.0391,,0.51,,21,0.21,0.09
12,6,62,8,79,,1,0.12,0.06,0.62,0.08,0.79,,,,,,0.09347,0.0484,0.04867,1,0.523350502,0.512097638,0.512165099,,,,0.0383,,0.51,,41,0.41,0.01
54,54,69,97,94,,1,0.54,0.54,0.69,0.97,0.94,,,,,,0.04176,0.06071,0.00333,1,0.510438483,0.51517284,0.500832499,,,,0.0381,,0.51,,80,0.8,0.0841
80,1,12,34,48,,1,0.8,0.01,0.12,0.34,0.48,,,,,,0.06975,-0.00488,0.05595,1,0.517430434,0.498780002,0.513983852,,,,0.0383,,0.51,,35,0.35,0.0256
83,61,81,34,5,,1,0.83,0.61,0.81,0.34,0.05,,,,,,0.05201,0.04795,0.0926,1,0.51299957,0.511985204,0.523133472,,,,0.0397,,0.51,,37,0.37,0.0196
81,3,88,46,13,,1,0.81,0.03,0.88,0.46,0.13,,,,,,0.04471,0.07754,0.02281,1,0.511175638,0.519375293,0.505702253,,,,0.0386,,0.51,,31,0.31,0.04
39,9,9,9,52,,1,0.39,0.09,0.09,0.09,0.52,,,,,,0.08526,-0.00081,0.08239,1,0.521302097,0.4997975,0.520585856,,,,0.0387,,0.51,,29,0.29,0.0484
4,38,11,7,68,,1,0.04,0.38,0.11,0.07,0.68,,,,,,0.09056,0.00597,0.10103,1,0.52262454,0.501492496,0.525236038,,,,0.0391,,0.51,,37,0.37,0.0196
7,28,52,15,29,,1,0.07,0.28,0.52,0.15,0.29,,,,,,0.06724,0.0618,0.07654,1,0.516803669,0.515445085,0.519125664,,,,0.0393,,0.51,,26,0.26,0.0625
89,22,22,4,28,,1,0.89,0.22,0.22,0.04,0.28,,,,,,0.08417,-0.01946,0.10691,1,0.521030086,0.495135154,0.526702072,,,,0.0391,,0.51,,27,0.27,0.0576
62,30,67,72,49,,1,0.62,0.3,0.67,0.72,0.49,,,,,,0.04061,0.06505,0.01886,1,0.510151105,0.516256768,0.50471486,,,,0.0385,,0.51,,52,0.52,0.0001
7,41,99,75,61,,1,0.07,0.41,0.99,0.75,0.61,,,,,,0.03725,0.11947,0.00174,1,0.509311423,0.529832026,0.500435,,,,0.0386,,0.51,,58,0.58,0.0049
60,90,64,78,65,,1,0.6,0.9,0.64,0.78,0.65,,,,,,0.04481,0.0417,0.06471,1,0.511200626,0.51042349,0.516171857,,,,0.0392,,0.51,,72,0.72,0.0441
40,26,30,27,47,,1,0.4,0.26,0.3,0.27,0.47,,,,,,0.07035,0.02338,0.07255,1,0.51758025,0.505844734,0.518129549,,,,0.0389,,0.51,,36,0.36,0.0225
53,38,5,45,34,,1,0.53,0.38,0.05,0.45,0.34,,,,,,0.05409,0.00759,0.08066,1,0.513519204,0.501897491,0.520154074,,,,0.0391,,0.51,,36,0.36,0.0225
26,73,75,76,45,,1,0.26,0.73,0.75,0.76,0.45,,,,,,0.03318,0.08497,0.04623,1,0.508294239,0.521229728,0.511555442,,,,0.0393,,0.51,,57,0.57,0.0036
63,92,55,36,45,,1,0.63,0.92,0.55,0.36,0.45,,,,,,0.06702,0.01421,0.11727,1,0.516748731,0.50355244,0.529283948,,,,0.0398,,0.51,,55,0.55,0.0016
29,83,80,17,3,,1,0.29,0.83,0.8,0.17,0.03,,,,,,0.05813,0.06496,0.12239,1,0.514528409,0.516234292,0.530559363,,,,0.0404,,0.51,,32,0.32,0.0361
53,96,41,27,95,,1,0.53,0.96,0.41,0.27,0.95,,,,,,0.0943,-0.01859,0.12265,1,0.523557545,0.495352634,0.53062412,,,,0.0393,,0.51,,72,0.72,0.0441
99,64,56,54,30,,1,0.99,0.64,0.56,0.54,0.3,,,,,,0.05071,0.0184,0.08223,1,0.512674784,0.50459987,0.520545924,,,,0.0393,,0.51,,51,0.51,0
39,81,6,64,15,,1,0.39,0.81,0.06,0.64,0.15,,,,,,0.03197,0.02336,0.10265,1,0.507991819,0.505839734,0.52563999,,,,0.0399,,0.51,,39,0.39,0.0144
47,49,28,61,22,,1,0.47,0.49,0.28,0.61,0.22,,,,,,0.03662,0.0415,0.0671,1,0.509153977,0.510373511,0.516768709,,,,0.0393,,0.51,,38,0.38,0.0169
76,40,39,78,27,,1,0.76,0.4,0.39,0.78,0.27,,,,,,0.02923,0.04317,0.0406,1,0.50730698,0.510790824,0.510148606,,,,0.0389,,0.51,,45,0.45,0.0036
8,8,70,65,91,,1,0.08,0.08,0.7,0.65,0.91,,,,,,0.05705,0.0871,-0.01315,1,0.514258633,0.521761244,0.496712547,,,,0.0378,,0.509,,58,0.58,0.005041
49,18,69,49,15,,1,0.49,0.18,0.69,0.49,0.15,,,,,,0.04072,0.07885,0.03599,1,0.510178594,0.519702293,0.508996529,,,,0.0389,,0.51,,31,0.31,0.04
92,94,97,77,24,,1,0.92,0.94,0.97,0.77,0.24,,,,,,0.03088,0.06327,0.07005,1,0.507719387,0.515812226,0.517505342,,,,0.0396,,0.51,,62,0.62,0.0121
42,92,85,33,28,,1,0.42,0.92,0.85,0.33,0.28,,,,,,0.05896,0.05723,0.10873,1,0.514735731,0.514303596,0.527155752,,,,0.04,,0.51,,48,0.48,0.0009
93,89,77,6,85,,1,0.93,0.89,0.77,0.06,0.85,,,,,,0.10859,-0.02161,0.13082,1,0.527120855,0.49459771,0.532658437,,,,0.0392,,0.51,,70,0.7,0.0361
58,16,31,6,98,,1,0.58,0.16,0.31,0.06,0.98,,,,,,0.10906,-0.01857,0.07501,1,0.527238008,0.495357633,0.518743712,,,,0.0381,,0.51,,52,0.52,0.0001
16,12,27,52,52,,1,0.16,0.12,0.27,0.52,0.52,,,,,,0.0515,0.05419,0.03129,1,0.512872155,0.513544186,0.507821862,,,,0.0385,,0.51,,37,0.37,0.0196
75,26,84,92,99,,1,0.75,0.26,0.84,0.92,0.99,,,,,,0.04868,0.06318,-0.0213,1,0.512167597,0.515789748,0.494675201,,,,0.0375,,0.509,,79,0.79,0.078961
91,65,87,62,4,,1,0.91,0.65,0.87,0.62,0.04,,,,,,0.0323,0.06419,0.06721,1,0.508074298,0.516041992,0.516796178,,,,0.0396,,0.51,,44,0.44,0.0049
50,7,7,65,43,,1,0.5,0.07,0.07,0.65,0.43,,,,,,0.04226,0.02967,0.02911,1,0.510563428,0.507416956,0.507276986,,,,0.0384,,0.51,,37,0.37,0.0196
32,75,85,35,16,,1,0.32,0.75,0.85,0.35,0.16,,,,,,0.05075,0.07535,0.09252,1,0.512684778,0.518828592,0.523113515,,,,0.04,,0.51,,40,0.4,0.0121
19,45,97,49,54,,1,0.19,0.45,0.97,0.49,0.54,,,,,,0.05444,0.09571,0.03561,1,0.51360664,0.523909251,0.508901559,,,,0.0389,,0.51,,52,0.52,0.0001
2,21,19,63,93,,1,0.02,0.21,0.19,0.63,0.93,,,,,,0.0601,0.04339,0.02023,1,0.515020479,0.510845798,0.505057328,,,,0.0381,,0.51,,56,0.56,0.0025
62,81,73,77,3,,1,0.62,0.81,0.73,0.77,0.03,,,,,,0.01864,0.07601,0.06839,1,0.504659865,0.518993356,0.517090839,,,,0.0398,,0.51,,46,0.46,0.0025
4,98,71,95,28,,1,0.04,0.98,0.71,0.95,0.28,,,,,,0.0106,0.10673,0.05223,1,0.502649975,0.5266572,0.513054532,,,,0.0399,,0.51,,57,0.57,0.0036
59,72,65,33,27,,1,0.59,0.72,0.65,0.33,0.27,,,,,,0.0602,0.03697,0.10151,1,0.515045456,0.509241447,0.525355731,,,,0.0397,,0.51,,44,0.44,0.0049
66,70,41,63,15,,1,0.66,0.7,0.41,0.63,0.15,,,,,,0.03463,0.03733,0.08334,1,0.508656635,0.509331416,0.520822949,,,,0.0396,,0.51,,43,0.43,0.0064
45,85,91,61,62,,1,0.45,0.85,0.91,0.61,0.62,,,,,,0.05342,0.06549,0.06453,1,0.513351825,0.516366651,0.516126904,,,,0.0393,,0.51,,67,0.67,0.0256
14,74,98,77,48,,1,0.14,0.74,0.98,0.77,0.48,,,,,,0.032,0.11032,0.03422,1,0.507999317,0.527552062,0.508554165,,,,0.0393,,0.51,,60,0.6,0.0081
5,96,88,95,45,,1,0.05,0.96,0.88,0.95,0.45,,,,,,0.01762,0.11336,0.03968,1,0.504404886,0.52830969,0.509918699,,,,0.0396,,0.51,,65,0.65,0.0196
23,78,62,27,74,,1,0.23,0.78,0.62,0.27,0.74,,,,,,0.08101,0.0322,0.09799,1,0.520241431,0.508049305,0.524477917,,,,0.0393,,0.51,,59,0.59,0.0064
12,46,57,45,69,,1,0.12,0.46,0.57,0.45,0.69,,,,,,0.06383,0.05869,0.05242,1,0.515952084,0.51466829,0.513102,,,,0.0388,,0.51,,52,0.52,0.0001
7,78,69,42,37,,1,0.07,0.78,0.69,0.42,0.37,,,,,,0.0524,0.07295,0.08623,1,0.513097003,0.518229416,0.521544152,,,,0.0398,,0.51,,46,0.46,0.0025
96,6,57,42,78,,1,0.96,0.06,0.57,0.42,0.78,,,,,,0.0779,0.01209,0.02955,1,0.519465157,0.503022463,0.507386962,,,,0.0378,,0.509,,56,0.56,0.002601
35,82,99,43,22,,1,0.35,0.82,0.99,0.43,0.22,,,,,,0.04783,0.08497,0.08422,1,0.511955221,0.521229728,0.521042564,,,,0.0399,,0.51,,47,0.47,0.0016
80,48,64,2,73,,1,0.8,0.48,0.64,0.02,0.73,,,,,,0.10391,-0.00814,0.10365,1,0.525954151,0.497965011,0.525889326,,,,0.0389,,0.51,,53,0.53,0.0004
50,30,3,29,92,,1,0.5,0.3,0.03,0.29,0.92,,,,,,0.09002,-0.02383,0.07641,1,0.522489815,0.494042782,0.519093211,,,,0.0383,,0.51,,53,0.53,0.0004
55,88,7,53,31,,1,0.55,0.88,0.07,0.53,0.31,,,,,,0.04872,-0.00185,0.11833,1,0.512177591,0.4995375,0.52954803,,,,0.0398,,0.51,,46,0.46,0.0025
99,63,78,1,71,,1,0.99,0.63,0.78,0.01,0.71,,,,,,0.10603,-0.01354,0.11587,1,0.526482694,0.496615052,0.528935134,,,,0.039,,0.51,,58,0.58,0.0049
76,76,96,39,60,,1,0.76,0.76,0.96,0.39,0.6,,,,,,0.07144,0.03978,0.0814,1,0.517852408,0.509943689,0.520338771,,,,0.0392,,0.51,,64,0.64,0.0169
41,57,36,92,30,,1,0.41,0.57,0.36,0.92,0.3,,,,,,0.01716,0.06512,0.03736,1,0.504289895,0.516274249,0.509338914,,,,0.0391,,0.51,,49,0.49,0.0004
68,19,2,81,3,,1,0.68,0.19,0.02,0.81,0.03,,,,,,0.01598,0.03698,0.03798,1,0.503994915,0.509243947,0.509493859,,,,0.0389,,0.51,,28,0.28,0.0529
51,40,95,43,35,,1,0.51,0.4,0.95,0.43,0.35,,,,,,0.054,0.07947,0.04705,1,0.51349672,0.519857051,0.511760331,,,,0.039,,0.51,,45,0.45,0.0036
5,21,77,58,87,,1,0.05,0.21,0.77,0.58,0.87,,,,,,0.06029,0.08787,0.00328,1,0.515067936,0.521953376,0.500819999,,,,0.0381,,0.51,,58,0.58,0.0049
54,62,93,96,86,,1,0.54,0.62,0.93,0.96,0.86,,,,,,0.0388,0.08033,0.00361,1,0.509698783,0.520071708,0.500902499,,,,0.0383,,0.51,,80,0.8,0.0841
83,56,11,29,23,,1,0.83,0.56,0.11,0.29,0.23,,,,,,0.0646,-0.01781,0.11761,1,0.516144386,0.495547618,0.529368655,,,,0.0395,,0.51,,35,0.35,0.0256
39,79,74,18,34,,1,0.39,0.79,0.74,0.18,0.34,,,,,,0.07184,0.04258,0.11458,1,0.51795228,0.510643392,0.528613702,,,,0.0399,,0.51,,44,0.44,0.0049
51,62,3,45,89,,1,0.51,0.62,0.03,0.45,0.89,,,,,,0.07828,-0.02353,0.09037,1,0.519560013,0.494117771,0.522577137,,,,0.0388,,0.51,,62,0.62,0.0121
11,25,11,55,23,,1,0.11,0.25,0.11,0.55,0.23,,,,,,0.03703,0.05431,0.0526,1,0.509256442,0.513574164,0.513146969,,,,0.0391,,0.51,,27,0.27,0.0576
49,45,73,29,3,,1,0.49,0.45,0.73,0.29,0.03,,,,,,0.05069,0.06609,0.08168,1,0.512669787,0.516516489,0.520408655,,,,0.0397,,0.51,,28,0.28,0.0529
82,61,26,61,8,,1,0.82,0.61,0.26,0.61,0.08,,,,,,0.03485,0.01952,0.08731,1,0.508711618,0.504879845,0.521813645,,,,0.0396,,0.51,,38,0.38,0.0169
77,62,48,65,17,,1,0.77,0.62,0.48,0.65,0.17,,,,,,0.03488,0.03892,0.07238,1,0.508719116,0.509728772,0.518087104,,,,0.0394,,0.51,,44,0.44,0.0049
58,71,63,16,4,,1,0.58,0.71,0.63,0.16,0.04,,,,,,0.06245,0.03543,0.12356,1,0.515607428,0.508856574,0.53085076,,,,0.0401,,0.51,,31,0.31,0.04
55,52,83,30,7,,1,0.55,0.52,0.83,0.3,0.07,,,,,,0.05236,0.06705,0.08293,1,0.51308701,0.516756223,0.520720626,,,,0.0397,,0.51,,33,0.33,0.0324
16,40,44,47,29,,1,0.16,0.4,0.44,0.47,0.29,,,,,,0.04571,0.06556,0.06009,1,0.511425511,0.516384132,0.515017981,,,,0.0393,,0.51,,35,0.35,0.0256
60,47,13,48,87,,1,0.6,0.47,0.13,0.48,0.87,,,,,,0.0756,-0.01369,0.07143,1,0.518891003,0.496577553,0.517849911,,,,0.0385,,0.51,,61,0.61,0.01
20,43,39,88,40,,1,0.2,0.43,0.39,0.88,0.4,,,,,,0.02155,0.07879,0.02194,1,0.505387292,0.519687316,0.50548478,,,,0.0389,,0.51,,48,0.48,0.0009
45,12,37,11,62,,1,0.45,0.12,0.37,0.11,0.62,,,,,,0.08831,0.01411,0.07024,1,0.522063163,0.503527441,0.517552784,,,,0.0385,,0.51,,37,0.37,0.0196
11,40,22,57,23,,1,0.11,0.4,0.22,0.57,0.23,,,,,,0.03582,0.05966,0.05974,1,0.508954043,0.514910578,0.51493056,,,,0.0393,,0.51,,31,0.31,0.04
43,40,98,9,53,,1,0.43,0.4,0.98,0.09,0.53,,,,,,0.08528,0.05838,0.07448,1,0.521307088,0.514590856,0.518611397,,,,0.039,,0.51,,45,0.45,0.0036
78,97,74,25,9,,1,0.78,0.97,0.74,0.25,0.09,,,,,,0.06088,0.0267,0.13556,1,0.515215301,0.506674603,0.533838197,,,,0.0403,,0.51,,43,0.43,0.0064
42,96,73,40,9,,1,0.42,0.96,0.73,0.4,0.09,,,,,,0.04611,0.05855,0.11466,1,0.511525458,0.51463332,0.528633637,,,,0.0403,,0.51,,42,0.42,0.0081
62,19,17,57,47,,1,0.62,0.19,0.17,0.57,0.47,,,,,,0.05122,0.01961,0.04481,1,0.512802201,0.504902343,0.511200626,,,,0.0385,,0.51,,41,0.41,0.01
55,3,58,13,36,,1,0.55,0.03,0.58,0.13,0.36,,,,,,0.0761,0.03976,0.05892,1,0.519015824,0.509938691,0.51472574,,,,0.0387,,0.51,,28,0.28,0.0529
41,70,28,3,70,,1,0.41,0.7,0.28,0.03,0.7,,,,,,0.09899,-0.0175,0.13227,1,0.524727311,0.495625112,0.533019374,,,,0.0394,,0.51,,49,0.49,0.0004
32,51,28,17,59,,1,0.32,0.51,0.28,0.17,0.59,,,,,,0.08262,0.00764,0.10216,1,0.520643259,0.501909991,0.52551781,,,,0.0392,,0.51,,43,0.43,0.0064
24,49,62,88,83,,1,0.24,0.49,0.62,0.88,0.83,,,,,,0.0402,0.07488,0.00868,1,0.510048647,0.518711258,0.502169986,,,,0.0384,,0.51,,69,0.69,0.0324
34,76,3,93,3,,1,0.34,0.76,0.03,0.93,0.03,,,,,,0.00529,0.04875,0.07234,1,0.501322497,0.512185087,0.518077117,,,,0.0398,,0.51,,38,0.38,0.0169
21,37,81,81,41,,1,0.21,0.37,0.81,0.81,0.41,,,,,,0.02611,0.10933,0.00618,1,0.506527129,0.527305307,0.501544995,,,,0.0388,,0.51,,50,0.5,0.0001
52,8,71,97,42,,1,0.52,0.08,0.71,0.97,0.42,,,,,,0.01776,0.10017,-0.02769,1,0.504439883,0.525021581,0.493077942,,,,0.0381,,0.51,,50,0.5,0.0001
96,92,32,30,77,,1,0.96,0.92,0.32,0.3,0.77,,,,,,0.08919,-0.0427,0.13029,1,0.522282731,0.489326622,0.5325265,,,,0.0393,,0.51,,68,0.68,0.0289
38,48,72,56,21,,1,0.38,0.48,0.72,0.56,0.21,,,,,,0.03789,0.08054,0.05203,1,0.509471367,0.520124123,0.513004566,,,,0.0393,,0.51,,40,0.4,0.0121
61,27,22,39,33,,1,0.61,0.27,0.22,0.39,0.33,,,,,,0.05819,0.01646,0.07111,1,0.514543396,0.504114907,0.517770013,,,,0.0389,,0.51,,34,0.34,0.0289
6,59,2,50,58,,1,0.06,0.59,0.02,0.5,0.58,,,,,,0.05633,0.02154,0.08343,1,0.514078777,0.505384792,0.52084541,,,,0.0392,,0.51,,45,0.45,0.0036
35,58,64,21,59,,1,0.35,0.58,0.64,0.21,0.59,,,,,,0.07956,0.03512,0.09022,1,0.519879515,0.508779098,0.522539713,,,,0.0392,,0.51,,49,0.49,0.0004
10,52,31,95,34,,1,0.1,0.52,0.31,0.95,0.34,,,,,,0.01326,0.08269,0.02629,1,0.503314951,0.520660729,0.506572121,,,,0.0391,,0.51,,47,0.47,0.0016
45,7,37,28,82,,1,0.45,0.07,0.37,0.28,0.82,,,,,,0.08452,0.01785,0.04409,1,0.52111743,0.504462382,0.511020715,,,,0.0381,,0.51,,48,0.48,0.0009
15,18,96,49,75,,1,0.15,0.18,0.96,0.49,0.75,,,,,,0.06224,0.09728,0.00602,1,0.515554979,0.524300839,0.501504995,,,,0.0382,,0.51,,54,0.54,0.0009
6,38,38,49,84,,1,0.06,0.38,0.38,0.49,0.84,,,,,,0.06688,0.04588,0.04458,1,0.51671377,0.511467988,0.511143155,,,,0.0385,,0.51,,55,0.55,0.0016
44,35,55,38,2,,1,0.44,0.35,0.55,0.38,0.02,,,,,,0.04329,0.06391,0.07044,1,0.51082081,0.515972064,0.517602722,,,,0.0395,,0.51,,25,0.25,0.0676
54,83,8,7,82,,1,0.54,0.83,0.08,0.07,0.82,,,,,,0.10349,-0.04874,0.14749,1,0.525849433,0.487817412,0.536805804,,,,0.0394,,0.51,,57,0.57,0.0036
14,24,50,63,44,,1,0.14,0.24,0.5,0.63,0.44,,,,,,0.03982,0.08044,0.02332,1,0.509953685,0.520099163,0.505829736,,,,0.0387,,0.51,,41,0.41,0.01
44,75,8,66,90,,1,0.44,0.75,0.08,0.66,0.9,,,,,,0.06311,-0.00656,0.07787,1,0.515772265,0.498360006,0.519457669,,,,0.0388,,0.51,,69,0.69,0.0324
48,27,50,96,87,,1,0.48,0.27,0.5,0.96,0.87,,,,,,0.03838,0.06012,-0.01174,1,0.509593822,0.515025475,0.497065034,,,,0.0378,,0.509,,69,0.69,0.032761
45,22,28,69,95,,1,0.45,0.22,0.28,0.69,0.95,,,,,,0.06122,0.02572,0.01744,1,0.515300222,0.506429646,0.504359889,,,,0.0379,,0.509,,63,0.63,0.014641
51,35,84,45,11,,1,0.51,0.35,0.84,0.45,0.11,,,,,,0.04231,0.08348,0.05053,1,0.510575922,0.520857888,0.512629813,,,,0.0393,,0.51,,33,0.33,0.0324
2,62,67,42,7,,1,0.02,0.62,0.67,0.42,0.07,,,,,,0.03851,0.09225,0.07864,1,0.50962631,0.523046159,0.519649874,,,,0.04,,0.51,,30,0.3,0.0441
26,58,84,65,12,,1,0.26,0.58,0.84,0.65,0.12,,,,,,0.02628,0.1041,0.04748,1,0.506569622,0.526001523,0.511867771,,,,0.0396,,0.51,,40,0.4,0.0121
65,63,74,84,69,,1,0.65,0.63,0.74,0.84,0.69,,,,,,0.04175,0.05728,0.02987,1,0.510435984,0.514316086,0.507466945,,,,0.0386,,0.51,,70,0.7,0.0361
80,22,18,98,36,,1,0.8,0.22,0.18,0.98,0.36,,,,,,0.01902,0.03798,0.01136,1,0.504754857,0.509493859,0.502839969,,,,0.0383,,0.51,,48,0.48,0.0009
98,8,55,1,74,,1,0.98,0.08,0.55,0.01,0.74,,,,,,0.10602,-0.01519,0.07441,1,0.526480201,0.496202573,0.518593921,,,,0.0382,,0.51,,46,0.46,0.0025
13,74,1,47,42,,1,0.13,0.74,0.01,0.47,0.42,,,,,,0.05285,0.01631,0.10522,1,0.513209426,0.50407741,0.526280758,,,,0.0397,,0.51,,42,0.42,0.0081
76,90,89,60,47,,1,0.76,0.9,0.89,0.6,0.47,,,,,,0.05129,0.04811,0.079,1,0.51281969,0.512025181,0.519739735,,,,0.0394,,0.51,,65,0.65,0.0196
82,90,11,33,65,,1,0.82,0.9,0.11,0.33,0.65,,,,,,0.08069,-0.04321,0.13474,1,0.520161562,0.48919918,0.53363413,,,,0.0395,,0.51,,59,0.59,0.0064
73,81,1,59,31,,1,0.73,0.81,0.01,0.59,0.31,,,,,,0.04629,-0.01227,0.11112,1,0.511570434,0.496932538,0.52775145,,,,0.0396,,0.51,,47,0.47,0.0016
52,82,45,42,89,,1,0.52,0.82,0.45,0.42,0.89,,,,,,0.08031,0.00159,0.0945,1,0.520066716,0.5003975,0.523607434,,,,0.039,,0.51,,70,0.7,0.0361
38,12,64,30,95,,1,0.38,0.12,0.64,0.3,0.95,,,,,,0.08751,0.03838,0.03153,1,0.521863549,0.509593822,0.507881847,,,,0.038,,0.509,,56,0.56,0.002601
55,21,46,73,28,,1,0.55,0.21,0.46,0.73,0.28,,,,,,0.03024,0.06484,0.02206,1,0.507559424,0.516204323,0.505514776,,,,0.0387,,0.51,,40,0.4,0.0121
52,28,90,20,95,,1,0.52,0.28,0.9,0.2,0.95,,,,,,0.09621,0.03916,0.04753,1,0.524033964,0.509788749,0.511880264,,,,0.0382,,0.51,,61,0.61,0.01
32,71,62,68,15,,1,0.32,0.71,0.62,0.68,0.15,,,,,,0.0269,0.07888,0.06554,1,0.506724595,0.519709781,0.516379137,,,,0.0397,,0.51,,43,0.43,0.0064
22,24,38,98,81,,1,0.22,0.24,0.38,0.98,0.81,,,,,,0.03165,0.07176,-0.01407,1,0.50791184,0.517932305,0.496482558,,,,0.038,,0.509,,62,0.62,0.012321
41,61,17,68,56,,1,0.41,0.61,0.17,0.68,0.56,,,,,,0.04612,0.02265,0.06681,1,0.511527957,0.505662258,0.51669629,,,,0.039,,0.51,,54,0.54,0.0009
19,57,27,35,43,,1,0.19,0.57,0.27,0.35,0.43,,,,,,0.06155,0.03111,0.09176,1,0.515382644,0.507776873,0.522923918,,,,0.0394,,0.51,,40,0.4,0.0121
94,36,23,1,24,,1,0.94,0.36,0.23,0.01,0.24,,,,,,0.08556,-0.02651,0.12391,1,0.521376961,0.493372888,0.530937926,,,,0.0393,,0.51,,28,0.28,0.0529
33,77,80,33,57,,1,0.33,0.77,0.8,0.33,0.57,,,,,,0.07009,0.05156,0.08911,1,0.51751533,0.512887145,0.52226277,,,,0.0395,,0.51,,56,0.56,0.0025
9,42,41,65,59,,1,0.09,0.42,0.41,0.65,0.59,,,,,,0.045,0.06553,0.03719,1,0.511248102,0.51637664,0.509296429,,,,0.0388,,0.51,,50,0.5,0.0001
37,9,46,71,30,,1,0.37,0.09,0.46,0.71,0.3,,,,,,0.0302,0.07812,0.00998,1,0.507549426,0.519520074,0.502494979,,,,0.0385,,0.51,,36,0.36,0.0225
4,77,45,13,6,,1,0.04,0.77,0.45,0.13,0.06,,,,,,0.06007,0.05079,0.13084,1,0.515012986,0.512694771,0.532663416,,,,0.0404,,0.51,,25,0.25,0.0676
97,40,62,41,13,,1,0.97,0.4,0.62,0.41,0.13,,,,,,0.0517,0.0313,0.07454,1,0.512922122,0.507824361,0.518626376,,,,0.0392,,0.51,,37,0.37,0.0196
99,93,46,87,80,,1,0.99,0.93,0.46,0.87,0.8,,,,,,0.04952,0.00048,0.06822,1,0.512377471,0.50012,0.517048389,,,,0.0388,,0.51,,82,0.82,0.0961
92,65,87,3,68,,1,0.92,0.65,0.87,0.03,0.68,,,,,,0.10241,9.00E-05,0.11164,1,0.525580147,0.5000225,0.527881048,,,,0.0391,,0.51,,58,0.58,0.0049
88,47,20,26,41,,1,0.88,0.47,0.2,0.26,0.41,,,,,,0.0746,-0.02026,0.10534,1,0.518641356,0.494935173,0.526310675,,,,0.0391,,0.51,,41,0.41,0.01
85,96,41,11,89,,1,0.85,0.96,0.41,0.11,0.89,,,,,,0.10676,-0.04647,0.14483,1,0.526664678,0.48838459,0.536144343,,,,0.0393,,0.51,,69,0.69,0.0324
77,65,20,28,78,,1,0.77,0.65,0.2,0.28,0.78,,,,,,0.0884,-0.03328,0.10956,1,0.522085619,0.491680768,0.527362635,,,,0.0389,,0.51,,59,0.59,0.0064
37,20,40,30,48,,1,0.37,0.2,0.4,0.3,0.48,,,,,,0.06791,0.03676,0.05931,1,0.516970978,0.509188965,0.514823155,,,,0.0387,,0.51,,36,0.36,0.0225
19,55,70,91,4,,1,0.19,0.55,0.7,0.91,0.04,,,,,,0.00354,0.11768,0.02528,1,0.500884999,0.529386095,0.506319663,,,,0.0395,,0.51,,39,0.39,0.0144
82,23,3,85,83,,1,0.82,0.23,0.03,0.85,0.83,,,,,,0.04914,-0.00357,0.02091,1,0.512282529,0.499107501,0.50522731,,,,0.0378,,0.509,,63,0.63,0.014641
32,44,53,48,65,,1,0.32,0.44,0.53,0.48,0.65,,,,,,0.06217,0.04683,0.05316,1,0.515537496,0.511705361,0.513286871,,,,0.0388,,0.51,,52,0.52,0.0001
47,9,82,46,44,,1,0.47,0.09,0.82,0.46,0.44,,,,,,0.0546,0.0795,0.0185,1,0.51364661,0.519864539,0.504624868,,,,0.0384,,0.51,,41,0.41,0.01
59,26,16,2,61,,1,0.59,0.26,0.16,0.02,0.61,,,,,,0.09674,-0.0215,0.10292,1,0.524166156,0.494625207,0.525707312,,,,0.0388,,0.51,,37,0.37,0.0196
99,56,68,56,48,,1,0.99,0.56,0.68,0.56,0.48,,,,,,0.05653,0.02436,0.06389,1,0.514128738,0.506089699,0.515967069,,,,0.0389,,0.51,,58,0.58,0.0049
12,71,14,80,11,,1,0.12,0.71,0.14,0.8,0.11,,,,,,0.0153,0.06192,0.07114,1,0.503824925,0.515475056,0.517777503,,,,0.0398,,0.51,,37,0.37,0.0196
77,59,25,54,12,,1,0.77,0.59,0.25,0.54,0.12,,,,,,0.04102,0.01653,0.09123,1,0.510253562,0.504132406,0.522791694,,,,0.0395,,0.51,,37,0.37,0.0196
9,4,67,96,39,,1,0.09,0.04,0.67,0.96,0.39,,,,,,0.01242,0.12637,-0.03445,1,0.50310496,0.531550524,0.491388352,,,,0.0382,,0.51,,43,0.43,0.0064
43,41,22,85,1,,1,0.43,0.41,0.22,0.85,0.01,,,,,,0.00975,0.06546,0.04251,1,0.502437481,0.516359159,0.5106259,,,,0.0393,,0.51,,32,0.32,0.0361
71,12,26,32,60,,1,0.71,0.12,0.26,0.32,0.6,,,,,,0.07541,0.00242,0.05811,1,0.518843571,0.500605,0.514523413,,,,0.0383,,0.51,,42,0.42,0.0081
25,51,99,43,86,,1,0.25,0.51,0.99,0.43,0.86,,,,,,0.07332,0.07441,0.03979,1,0.518321793,0.518593921,0.509946188,,,,0.0386,,0.51,,65,0.65,0.0196
67,75,64,49,93,,1,0.67,0.75,0.64,0.49,0.93,,,,,,0.07805,0.01228,0.07467,1,0.519502601,0.503069961,0.518658831,,,,0.0387,,0.51,,75,0.75,0.0576
25,18,35,30,89,,1,0.25,0.18,0.35,0.3,0.89,,,,,,0.08426,0.02381,0.04831,1,0.521052546,0.505952219,0.512075152,,,,0.0382,,0.51,,51,0.51,0
44,41,86,8,7,,1,0.44,0.41,0.86,0.08,0.07,,,,,,0.0666,0.0664,0.09204,1,0.516643848,0.516593904,0.52299377,,,,0.0397,,0.51,,25,0.25,0.0676
90,46,7,70,39,,1,0.9,0.46,0.07,0.7,0.39,,,,,,0.04251,-0.00363,0.06652,1,0.5106259,0.499092501,0.516623871,,,,0.0388,,0.51,,48,0.48,0.0009
60,27,39,58,38,,1,0.6,0.27,0.39,0.58,0.38,,,,,,0.04621,0.04055,0.04384,1,0.511550445,0.510136111,0.510958245,,,,0.0387,,0.51,,42,0.42,0.0081
57,7,33,73,69,,1,0.57,0.07,0.33,0.73,0.69,,,,,,0.04793,0.04029,0.00552,1,0.511980207,0.510071138,0.501379996,,,,0.0379,,0.509,,52,0.52,0.000121
97,54,71,26,64,,1,0.97,0.54,0.71,0.26,0.64,,,,,,0.08467,0.00339,0.08686,1,0.521154863,0.500847499,0.521701358,,,,0.0388,,0.51,,58,0.58,0.0049
93,78,90,72,39,,1,0.93,0.78,0.9,0.72,0.39,,,,,,0.0407,0.05268,0.06006,1,0.510173596,0.513166955,0.515010488,,,,0.0392,,0.51,,63,0.63,0.0144
93,20,91,46,21,,1,0.93,0.2,0.91,0.46,0.21,,,,,,0.04992,0.06349,0.03701,1,0.512477409,0.51586717,0.509251444,,,,0.0387,,0.51,,40,0.4,0.0121
82,1,76,99,56,,1,0.82,0.01,0.76,0.99,0.56,,,,,,0.02533,0.08262,-0.03683,1,0.506332161,0.520643259,0.490793541,,,,0.0377,,0.509,,58,0.58,0.005041
1,31,97,54,40,,1,0.01,0.31,0.97,0.54,0.4,,,,,,0.04242,0.12069,0.01839,1,0.51060341,0.530135929,0.50459737,,,,0.0389,,0.51,,42,0.42,0.0081
69,18,34,27,44,,1,0.69,0.18,0.34,0.27,0.44,,,,,,0.07193,0.01188,0.06867,1,0.517974751,0.502969965,0.517160757,,,,0.0387,,0.51,,36,0.36,0.0225
24,40,13,4,19,,1,0.24,0.4,0.13,0.04,0.19,,,,,,0.07387,0.01287,0.1193,1,0.518459107,0.503217456,0.529789677,,,,0.0397,,0.51,,20,0.2,0.0961
92,47,41,97,48,,1,0.92,0.47,0.41,0.97,0.48,,,,,,0.02651,0.03527,0.02472,1,0.506627112,0.508816586,0.506179685,,,,0.0385,,0.51,,61,0.61,0.01
7,96,32,43,16,,1,0.07,0.96,0.32,0.43,0.16,,,,,,0.04393,0.04666,0.12161,1,0.510980734,0.511662884,0.530365087,,,,0.0404,,0.51,,38,0.38,0.0169
82,80,18,99,82,,1,0.82,0.8,0.18,0.99,0.82,,,,,,0.04004,-0.00056,0.05286,1,0.510008663,0.49986,0.513211924,,,,0.0386,,0.51,,78,0.78,0.0729
3,81,10,29,67,,1,0.03,0.81,0.1,0.29,0.67,,,,,,0.07549,0.0061,0.11865,1,0.518863543,0.501524995,0.52962775,,,,0.0396,,0.51,,50,0.5,0.0001
46,49,18,69,81,,1,0.46,0.49,0.18,0.69,0.81,,,,,,0.05632,0.01422,0.04948,1,0.514076279,0.50355494,0.512367477,,,,0.0385,,0.51,,62,0.62,0.0121
70,31,1,43,54,,1,0.7,0.31,0.01,0.43,0.54,,,,,,0.06587,-0.01393,0.07588,1,0.516461548,0.496517556,0.518960903,,,,0.0387,,0.51,,43,0.43,0.0064
18,59,73,34,45,,1,0.18,0.59,0.73,0.34,0.45,,,,,,0.06216,0.06691,0.07511,1,0.515534998,0.516721262,0.518768677,,,,0.0394,,0.51,,45,0.45,0.0036
6,61,77,96,59,,1,0.06,0.61,0.77,0.96,0.59,,,,,,0.0222,0.10975,0.00827,1,0.505549772,0.527409993,0.502067488,,,,0.0388,,0.51,,63,0.63,0.0144
84,33,88,93,8,,1,0.84,0.33,0.88,0.93,0.08,,,,,,0.00995,0.09726,0.00471,1,0.502487479,0.524295851,0.501177498,,,,0.0388,,0.51,,45,0.45,0.0036
93,95,15,5,78,,1,0.93,0.95,0.15,0.05,0.78,,,,,,0.10772,-0.07143,0.16431,1,0.52690399,0.482150089,0.540985332,,,,0.0395,,0.51,,62,0.62,0.0121
76,54,85,69,54,,1,0.76,0.54,0.85,0.69,0.54,,,,,,0.04682,0.05903,0.03727,1,0.511702862,0.514753216,0.509316422,,,,0.0387,,0.51,,62,0.62,0.0121
42,3,39,14,42,,1,0.42,0.03,0.39,0.14,0.42,,,,,,0.07691,0.03079,0.06238,1,0.519218028,0.507696892,0.515589945,,,,0.0387,,0.51,,28,0.28,0.0529
81,19,28,46,7,,1,0.81,0.19,0.28,0.46,0.07,,,,,,0.04381,0.02634,0.06335,1,0.510950749,0.506584619,0.515832206,,,,0.039,,0.51,,26,0.26,0.0625
72,38,9,49,51,,1,0.72,0.38,0.09,0.49,0.51,,,,,,0.06053,-0.00599,0.07396,1,0.515127881,0.498502504,0.518481576,,,,0.0388,,0.51,,45,0.45,0.0036
65,21,75,71,69,,1,0.65,0.21,0.75,0.71,0.69,,,,,,0.04983,0.06347,0.00424,1,0.512454923,0.515862175,0.501059998,,,,0.0381,,0.51,,60,0.6,0.0081
39,1,20,10,95,,1,0.39,0.01,0.2,0.1,0.95,,,,,,0.10257,-0.00678,0.05971,1,0.525620042,0.498305006,0.514923067,,,,0.038,,0.509,,46,0.46,0.002401
18,36,82,11,39,,1,0.18,0.36,0.82,0.11,0.39,,,,,,0.07527,0.06982,0.07487,1,0.518808621,0.517447913,0.518708761,,,,0.0393,,0.51,,35,0.35,0.0256
89,4,10,39,16,,1,0.89,0.04,0.1,0.39,0.16,,,,,,0.05351,0.00332,0.06321,1,0.513374309,0.500829999,0.515797241,,,,0.0387,,0.51,,24,0.24,0.0729
66,35,82,90,68,,1,0.66,0.35,0.82,0.9,0.68,,,,,,0.03611,0.07622,-0.00451,1,0.509026519,0.51904578,0.498872502,,,,0.0381,,0.51,,67,0.67,0.0256
11,35,83,65,12,,1,0.11,0.35,0.83,0.65,0.12,,,,,,0.02396,0.12025,0.02471,1,0.505989713,0.530026327,0.506177186,,,,0.0393,,0.51,,34,0.34,0.0289
26,57,17,47,31,,1,0.26,0.57,0.17,0.47,0.31,,,,,,0.04872,0.03101,0.08767,1,0.512177591,0.507751879,0.521903473,,,,0.0395,,0.51,,37,0.37,0.0196
74,26,7,52,5,,1,0.74,0.26,0.07,0.52,0.05,,,,,,0.03849,0.01613,0.07174,1,0.509621312,0.504032413,0.517927312,,,,0.0392,,0.51,,25,0.25,0.0676
79,19,19,99,69,,1,0.79,0.19,0.19,0.99,0.69,,,,,,0.03227,0.02715,-0.00052,1,0.5080668,0.506787083,0.49987,,,,0.0378,,0.509,,61,0.61,0.010201
24,81,7,87,89,,1,0.24,0.81,0.07,0.87,0.89,,,,,,0.04556,0.01695,0.05997,1,0.51138803,0.504237399,0.514988008,,,,0.0388,,0.51,,72,0.72,0.0441
58,70,99,65,46,,1,0.58,0.7,0.99,0.65,0.46,,,,,,0.04448,0.07765,0.04923,1,0.511118167,0.519402752,0.512305015,,,,0.0392,,0.51,,61,0.61,0.01
85,96,73,51,95,,1,0.85,0.96,0.73,0.51,0.95,,,,,,0.0799,0.00173,0.09033,1,0.51996438,0.5004325,0.522567157,,,,0.0389,,0.51,,83,0.83,0.1024
47,82,32,83,98,,1,0.47,0.82,0.32,0.83,0.98,,,,,,0.05437,0.0159,0.05601,1,0.513589153,0.503974916,0.513998841,,,,0.0387,,0.51,,80,0.8,0.0841
92,83,27,37,31,,1,0.92,0.83,0.27,0.37,0.31,,,,,,0.06376,-0.01765,0.12713,1,0.515934602,0.495587615,0.531739763,,,,0.0397,,0.51,,48,0.48,0.0009
4,11,25,89,10,,1,0.04,0.11,0.25,0.89,0.1,,,,,,0.00549,0.10115,0.00206,1,0.501372497,0.525265962,0.500515,,,,0.0388,,0.51,,26,0.26,0.0625
24,61,58,47,36,,1,0.24,0.61,0.58,0.47,0.36,,,,,,0.04995,0.06212,0.07305,1,0.512484904,0.515525008,0.518254383,,,,0.0395,,0.51,,44,0.44,0.0049
47,4,22,99,46,,1,0.47,0.04,0.22,0.99,0.46,,,,,,0.01835,0.06452,-0.01491,1,0.504587371,0.516124407,0.496272569,,,,0.038,,0.51,,45,0.45,0.0036
84,69,44,79,70,,1,0.84,0.69,0.44,0.79,0.7,,,,,,0.04865,0.01538,0.05525,1,0.512160102,0.503844924,0.513808987,,,,0.0387,,0.51,,70,0.7,0.0361
84,78,59,49,83,,1,0.84,0.78,0.59,0.49,0.83,,,,,,0.07581,0.00059,0.0843,1,0.518943428,0.5001475,0.521062528,,,,0.0389,,0.51,,72,0.72,0.0441
97,60,22,69,97,,1,0.97,0.6,0.22,0.69,0.97,,,,,,0.06906,-0.02542,0.06182,1,0.517258141,0.493645342,0.51545008,,,,0.0383,,0.51,,76,0.76,0.0625
69,6,82,45,10,,1,0.69,0.06,0.82,0.45,0.1,,,,,,0.04303,0.08004,0.02789,1,0.51075584,0.519999324,0.506972048,,,,0.0388,,0.51,,29,0.29,0.0484
71,53,60,5,46,,1,0.71,0.53,0.6,0.05,0.46,,,,,,0.08938,0.00598,0.1117,1,0.522330136,0.501494996,0.527896001,,,,0.0393,,0.51,,43,0.43,0.0064
53,80,5,46,86,,1,0.53,0.8,0.05,0.46,0.86,,,,,,0.07699,-0.02707,0.10592,1,0.519237998,0.493232913,0.526455271,,,,0.0391,,0.51,,65,0.65,0.0196
81,58,89,42,37,,1,0.81,0.58,0.89,0.42,0.37,,,,,,0.05954,0.04819,0.07093,1,0.514880604,0.512045169,0.517725069,,,,0.0392,,0.51,,51,0.51,0
64,53,25,29,23,,1,0.64,0.53,0.25,0.29,0.23,,,,,,0.06214,0.00665,0.10629,1,0.515530003,0.501662494,0.526547511,,,,0.0395,,0.51,,34,0.34,0.0289
67,29,39,30,26,,1,0.67,0.29,0.39,0.3,0.26,,,,,,0.06204,0.02311,0.07747,1,0.515505027,0.505777243,0.519357819,,,,0.0391,,0.51,,32,0.32,0.0361
35,66,52,87,95,,1,0.35,0.66,0.52,0.87,0.95,,,,,,0.048,0.04864,0.02814,1,0.511997697,0.512157603,0.507034536,,,,0.0384,,0.51,,77,0.77,0.0676
15,17,83,75,58,,1,0.15,0.17,0.83,0.75,0.58,,,,,,0.03644,0.11033,-0.01165,1,0.509108992,0.527554555,0.497087533,,,,0.0383,,0.51,,51,0.51,0
26,97,16,60,84,,1,0.26,0.97,0.16,0.6,0.84,,,,,,0.06337,0.0032,0.09929,1,0.5158372,0.500799999,0.524802127,,,,0.0393,,0.51,,69,0.69,0.0324
71,34,47,29,72,,1,0.71,0.34,0.47,0.29,0.72,,,,,,0.08297,0.00549,0.06976,1,0.520730609,0.501372497,0.517432931,,,,0.0385,,0.51,,53,0.53,0.0004
33,12,79,39,11,,1,0.33,0.12,0.79,0.39,0.11,,,,,,0.04406,0.09459,0.03495,1,0.511013218,0.523629884,0.508736611,,,,0.039,,0.51,,25,0.25,0.0676
63,41,50,14,46,,1,0.63,0.41,0.5,0.14,0.46,,,,,,0.08186,0.01242,0.09468,1,0.52045358,0.50310496,0.523652334,,,,0.0391,,0.51,,40,0.4,0.0121
13,72,19,52,11,,1,0.13,0.72,0.19,0.52,0.11,,,,,,0.0355,0.04765,0.09815,1,0.508874068,0.511910247,0.524517821,,,,0.04,,0.51,,32,0.32,0.0361
90,55,28,66,86,,1,0.9,0.55,0.28,0.66,0.86,,,,,,0.06545,-0.01172,0.05929,1,0.516356661,0.497070034,0.514818159,,,,0.0384,,0.51,,70,0.7,0.0361
46,56,93,47,76,,1,0.46,0.56,0.93,0.47,0.76,,,,,,0.06872,0.06119,0.04825,1,0.517173242,0.515292729,0.51206016,,,,0.0387,,0.51,,64,0.64,0.0169
20,23,45,2,39,,1,0.2,0.23,0.45,0.02,0.39,,,,,,0.08232,0.03715,0.08751,1,0.520568386,0.509286432,0.521863549,,,,0.0392,,0.51,,27,0.27,0.0576
40,89,52,12,10,,1,0.4,0.89,0.52,0.12,0.1,,,,,,0.06669,0.02728,0.14437,1,0.516666323,0.506819577,0.536029942,,,,0.0404,,0.51,,33,0.33,0.0324
65,64,96,91,24,,1,0.65,0.64,0.96,0.91,0.24,,,,,,0.01695,0.09802,0.02511,1,0.504237399,0.524485399,0.50627717,,,,0.0392,,0.51,,56,0.56,0.0025
61,89,21,49,83,,1,0.61,0.89,0.21,0.49,0.83,,,,,,0.07437,-0.01899,0.10644,1,0.518583935,0.495252643,0.526584905,,,,0.0392,,0.51,,69,0.69,0.0324
91,54,70,41,48,,1,0.91,0.54,0.7,0.41,0.48,,,,,,0.06635,0.02244,0.07505,1,0.516581417,0.505609765,0.518753698,,,,0.039,,0.51,,54,0.54,0.0009
27,69,43,97,4,,1,0.27,0.69,0.43,0.97,0.04,,,,,,0.00106,0.08993,0.04429,1,0.500265,0.52246736,0.51107069,,,,0.0397,,0.51,,41,0.41,0.01
9,10,71,72,22,,1,0.09,0.1,0.71,0.72,0.22,,,,,,0.02249,0.11995,-0.00272,1,0.505622263,0.529951597,0.49932,,,,0.0387,,0.51,,33,0.33,0.0324
17,54,9,69,7,,1,0.17,0.54,0.09,0.69,0.07,,,,,,0.02164,0.05497,0.07039,1,0.505409789,0.513739041,0.517590238,,,,0.0397,,0.51,,30,0.3,0.0441
51,75,58,58,29,,1,0.51,0.75,0.58,0.58,0.29,,,,,,0.04241,0.05012,0.08045,1,0.510600911,0.512527378,0.520101659,,,,0.0396,,0.51,,49,0.49,0.0004
44,22,11,36,47,,1,0.44,0.22,0.11,0.36,0.47,,,,,,0.06457,0.01229,0.0683,1,0.516136894,0.503072461,0.517068365,,,,0.0388,,0.51,,35,0.35,0.0256
41,21,31,44,46,,1,0.41,0.21,0.31,0.44,0.46,,,,,,0.05762,0.03611,0.05097,1,0.514401016,0.509026519,0.512739742,,,,0.0387,,0.51,,38,0.38,0.0169
20,65,16,82,41,,1,0.2,0.65,0.16,0.82,0.41,,,,,,0.02742,0.04898,0.05716,1,0.506854571,0.512242553,0.514286111,,,,0.0393,,0.51,,49,0.49,0.0004
65,79,74,44,13,,1,0.65,0.79,0.74,0.44,0.13,,,,,,0.04695,0.05088,0.09731,1,0.511735344,0.512717257,0.524308321,,,,0.0399,,0.51,,43,0.43,0.0064
32,53,57,3,41,,1,0.32,0.53,0.57,0.03,0.41,,,,,,0.08444,0.02937,0.11023,1,0.521097466,0.507341972,0.52752963,,,,0.0395,,0.51,,36,0.36,0.0225
58,49,70,9,43,,1,0.58,0.49,0.7,0.09,0.43,,,,,,0.08346,0.02742,0.0987,1,0.520852897,0.506854571,0.524654988,,,,0.0393,,0.51,,41,0.41,0.01
38,59,6,7,92,,1,0.38,0.59,0.06,0.07,0.92,,,,,,0.10535,-0.03664,0.12177,1,0.526313168,0.490841025,0.530404939,,,,0.039,,0.51,,54,0.54,0.0009
28,41,82,70,62,,1,0.28,0.41,0.82,0.7,0.62,,,,,,0.04393,0.08874,0.01663,1,0.510980734,0.522170453,0.504157404,,,,0.0386,,0.51,,58,0.58,0.0049
72,22,60,56,84,,1,0.72,0.22,0.6,0.56,0.84,,,,,,0.06818,0.03092,0.0239,1,0.5170384,0.507729384,0.505974716,,,,0.038,,0.509,,62,0.62,0.012321
,,,,,,,,,,,,,,,,,,,,,,,,,,,,,,,,,4.260761
